{"done_time": 1606767766, "mean_accuracy": 0.79505, "name": "PassiveAggressiveClassifier", "num_repeat": 2, "parameter": {"C": 1.0}, "score": [0.7932, 0.7969], "start_time": 1606767722, "std_accuracy": 0.0037000000000000366, "time_per_repeat": 22}
{"done_time": 1606767808, "mean_accuracy": 0.7824, "name": "PassiveAggressiveClassifier", "num_repeat": 2, "parameter": {"C": 100.0}, "score": [0.7788, 0.786], "start_time": 1606767766, "std_accuracy": 0.007199999999999984, "time_per_repeat": 21}
{"done_time": 1606768413, "mean_accuracy": 0.8261000000000001, "name": "SGDClassifier", "num_repeat": 2, "parameter": {"loss": "hinge", "penalty": "l2"}, "score": [0.8275, 0.8247], "start_time": 1606767808, "std_accuracy": 0.0028000000000000247, "time_per_repeat": 302}
